{"count":1,"self":2110.4908287999997,"total":2938.1407409999997,"children":{"InitializeActuators":{"count":1,"self":0.0029998,"total":0.0029998,"children":null},"InitializeSensors":{"count":1,"self":0.0019998999999999998,"total":0.0019998999999999998,"children":null},"AgentSendState":{"count":995934,"self":1.8031316,"total":6.4588158999999994,"children":{"CollectObservations":{"count":99594,"self":1.5177889999999998,"total":1.5177889999999998,"children":null},"WriteActionMask":{"count":99594,"self":0.0979953,"total":0.0979953,"children":null},"RequestDecision":{"count":99594,"self":0.585444,"total":3.0398999,"children":{"AgentInfo.ToProto":{"count":99594,"self":0.89685819999999994,"total":2.4544558999999997,"children":{"GenerateSensorData":{"count":99594,"self":1.5575976999999999,"total":1.5575976999999999,"children":null}}}}}}},"DecideAction":{"count":995934,"self":795.565312,"total":795.5653077,"children":null},"AgentAct":{"count":995934,"self":25.6127136,"total":25.6187152,"children":{"AgentInfo.ToProto":{"count":403,"self":0.0030034,"total":0.0060018,"children":{"GenerateSensorData":{"count":403,"self":0.0029984,"total":0.0029984,"children":null}}}}}},"gauges":{"Rescue.CumulativeReward":{"count":403,"max":98230.71,"min":-1.902991,"runningAverage":243.743179,"value":0,"weightedAverage":2.50333527E-13}},"metadata":{"timer_format_version":"0.1.0","start_time_seconds":"1685636560","unity_version":"2021.3.22f1","command_line_arguments":"C:\\Program Files\\Unity\\Hub\\Editor\\2021.3.22f1\\Editor\\Unity.exe -projectpath C:\\Users\\USER\\Desktop\\DRL\\final\\RescueSimulation -useHub -hubIPC -cloudEnvironment production -licensingIpc LicenseClient-USER -hubSessionId e099b2c0-6f0e-4299-af04-eb175beaac83 -accessToken 31HZ58caXLsIgcAFmTi7n4GepfsG3B_rSW69tEULtxc01ef","communication_protocol_version":"1.5.0","com.unity.ml-agents_version":"2.2.1-exp.1","scene_name":"SampleScene","end_time_seconds":"1685639498"}}